{"vq_diff":2.9987430572509766,"train_loss":60.931724548339844,"recon_loss":21.385967254638672,"epoch":7,"val_loss":24.38471031188965,"_runtime":19.796947,"_timestamp":1.747588267522805e+09,"_step":6,"_wandb":{"runtime":21}}