{"_step":29,"epoch":30,"train_loss":54.074398040771484,"vq_diff":0.8903071880340576,"_timestamp":1.7475880294647942e+09,"_runtime":77.724771,"_wandb":{"runtime":77},"val_loss":18.372676849365234,"recon_loss":17.482370376586914}